CREATE DATABASE  IF NOT EXISTS `bd_vendas` 
USE `bd_vendas`;
-- MySQL dump 10.13  Distrib 8.0.31, for Win64 (x86_64)
--
-- Host: localhost    Database: bd_vendas
-- ------------------------------------------------------
-- Server version	8.0.31

--
-- Table structure for table `categorias`
--

DROP TABLE IF EXISTS `categorias`;

CREATE TABLE `categorias` (
  `id_categoria` int NOT NULL AUTO_INCREMENT,
  `name_categoria` varchar(100) NOT NULL,
  PRIMARY KEY (`id_categoria`)
) ENGINE=InnoDB AUTO_INCREMENT=9 DEFAULT CHARSET=utf8mb4 COLLATE=utf8mb4_0900_ai_ci;

--
-- Dumping data for table `categorias`
--

LOCK TABLES `categorias` WRITE;
INSERT INTO `categorias` VALUES (1,'Babywear'),(2,'Womens wear'),(3,'Womens Footwear'),(4,'Sportwear'),(5,'Mens Clothes'),(6,'Bath Clothes'),(7,'Mens Footwear'),(8,'Childrens wear');
UNLOCK TABLES;

--
-- Table structure for table `funcionarios`
--

DROP TABLE IF EXISTS `funcionarios`;

CREATE TABLE `funcionarios` (
  `id_funcionario` int NOT NULL AUTO_INCREMENT,
  `nome` varchar(100) NOT NULL,
  PRIMARY KEY (`id_funcionario`)
) ENGINE=InnoDB AUTO_INCREMENT=10 DEFAULT CHARSET=utf8mb4 COLLATE=utf8mb4_0900_ai_ci;

--
-- Dumping data for table `funcionarios`
--

LOCK TABLES `funcionarios` WRITE;
INSERT INTO `funcionarios` VALUES (1,'Rob Carsson'),(2,'Eli Preston'),(3,'Tom Lindwall'),(4,'Leif Shine'),(5,'Ingrid Hendrix'),(6,'Lennart Skoglund'),(7,'Rock Rollman'),(8,'Helen Brolin'),(9,'Joan Callins');
UNLOCK TABLES;

--
-- Table structure for table `vendas`
--

DROP TABLE IF EXISTS `vendas`;

CREATE TABLE `vendas` (
  `id_venda` int NOT NULL AUTO_INCREMENT,
  `id_categoria` int NOT NULL,
  `id_funcionario` int NOT NULL,
  `data_venda` date NOT NULL,
  `venda` int NOT NULL,
  PRIMARY KEY (`id_venda`),
  KEY `fk_vendas_categorias_idx` (`id_categoria`),
  KEY `fk_vendas_funcionarios1_idx` (`id_funcionario`),
  CONSTRAINT `fk_vendas_categorias` FOREIGN KEY (`id_categoria`) REFERENCES `categorias` (`id_categoria`),
  CONSTRAINT `fk_vendas_funcionarios1` FOREIGN KEY (`id_funcionario`) REFERENCES `funcionarios` (`id_funcionario`)
) ENGINE=InnoDB AUTO_INCREMENT=1018 DEFAULT CHARSET=utf8mb4 COLLATE=utf8mb4_0900_ai_ci;

--
-- Dumping data for table `vendas`
--

LOCK TABLES `vendas` WRITE;
INSERT INTO `vendas` VALUES (1,1,1,'2017-10-01',21636),(2,4,1,'2018-05-12',3312),(3,3,1,'2019-02-01',11778),(4,4,1,'2019-03-11',2554),(5,3,1,'2018-09-07',4425),(6,1,1,'2017-02-02',12336),(7,6,1,'2017-04-10',32782),(8,1,1,'2017-05-02',46317),(9,6,1,'2017-06-10',2528),(10,2,1,'2017-11-06',11038),(11,7,1,'2017-05-09',106638),(12,1,1,'2019-05-01',14288),(13,7,1,'2019-05-11',917025),(14,3,1,'2017-02-02',29084),(15,2,1,'2018-05-03',17103),(16,2,1,'2018-07-07',5432),(17,4,1,'2017-11-11',158),(18,1,1,'2017-02-01',5805),(19,4,1,'2017-02-02',2496),(20,4,1,'2018-01-02',29719),(21,2,1,'2018-12-03',6624),(22,4,1,'2017-01-11',129413),(23,6,1,'2018-09-09',5825),(24,4,1,'2017-05-02',53079),(25,1,1,'2017-05-09',8266),(26,5,1,'2017-05-07',8556),(27,2,1,'2019-05-01',57619),(28,1,1,'2018-12-08',8382),(29,5,1,'2017-09-09',16275),(30,2,1,'2017-06-08',8544),(31,4,1,'2018-02-10',7964),(32,4,1,'2018-06-03',94225),(33,1,1,'2017-04-05',2556),(34,1,1,'2017-04-06',400),(35,4,1,'2018-01-10',37538),(36,4,1,'2017-10-10',215585),(37,2,1,'2017-12-03',8254),(38,6,1,'2017-09-06',1872),(39,5,1,'2017-06-07',38565),(40,1,1,'2018-06-03',123),(41,1,1,'2018-01-02',22368),(42,4,1,'2019-02-02',2394),(43,5,1,'2018-09-09',1234),(44,1,1,'2017-09-06',15158),(45,2,1,'2017-05-07',38864),(46,3,1,'2018-07-04',89424),(47,2,1,'2018-11-01',18554),(48,6,1,'2018-08-09',24208),(49,4,1,'2018-01-03',105335),(50,4,1,'2017-09-01',1851),(51,3,1,'2017-06-04',2676),(52,3,1,'2018-12-08',27912),(53,4,1,'2017-05-09',192925),(54,6,1,'2018-07-07',31745),(55,5,1,'2018-09-07',15465),(56,4,1,'2017-05-07',12117),(57,4,1,'2018-04-08',14288),(58,4,1,'2018-07-01',491),(59,4,1,'2018-04-09',4354),(60,6,1,'2019-09-03',19682),(61,6,1,'2017-08-08',543),(62,2,1,'2017-01-01',163538),(63,5,1,'2017-12-07',76),(64,3,1,'2018-11-01',10686),(65,7,1,'2017-01-11',152125),(66,4,1,'2017-01-01',10605),(67,4,1,'2018-09-07',110868),(68,4,1,'2019-03-07',1116),(69,4,1,'2019-07-05',11635),(70,4,1,'2019-05-05',9345),(71,2,1,'2018-09-03',18645),(72,6,1,'2018-08-07',3573),(73,7,1,'2018-07-10',112409),(74,4,1,'2018-05-04',58714),(75,4,1,'2017-04-06',54768),(76,4,1,'2017-11-06',7647),(77,7,1,'2017-12-03',7257),(78,5,1,'2017-08-07',49849),(79,4,1,'2017-09-06',156591),(80,6,1,'2017-06-08',559),(81,5,1,'2017-05-09',928),(82,4,1,'2017-02-09',33504),(83,7,1,'2018-08-09',2628),(84,6,1,'2018-01-08',46409),(85,6,1,'2017-05-08',2418),(86,6,1,'2019-03-07',14784),(87,4,1,'2018-08-09',46617),(88,3,1,'2017-11-10',12006),(89,4,1,'2017-04-05',8671),(90,4,1,'2018-10-05',35028),(91,6,1,'2019-02-01',1294),(92,3,1,'2018-01-03',135901),(93,1,1,'2017-06-04',656),(94,3,1,'2018-12-06',46727),(95,4,1,'2018-09-03',188255),(96,4,1,'2017-02-05',163645),(97,3,1,'2017-06-10',1782),(98,2,1,'2017-09-01',27272),(99,1,1,'2019-07-05',77445),(100,4,1,'2017-07-11',6048),(101,5,1,'2017-09-06',4464),(102,8,1,'2017-04-10',24672),(103,5,1,'2018-09-03',10059),(104,8,1,'2017-12-03',4486),(105,8,1,'2018-01-08',43111),(106,1,1,'2018-02-11',119),(107,1,1,'2017-07-11',235),(108,2,1,'2018-09-07',19698),(109,1,1,'2018-12-03',50346),(110,7,1,'2017-10-01',5096),(111,1,1,'2018-01-10',6445),(112,1,1,'2017-06-07',3736),(113,8,1,'2017-09-01',3856),(114,3,1,'2019-03-07',57568),(115,1,1,'2017-01-01',8253),(116,1,1,'2017-08-07',12045),(117,8,1,'2017-02-05',1686),(118,8,1,'2018-09-09',22902),(119,5,1,'2019-02-11',9201),(120,8,1,'2019-03-03',13421),(121,1,1,'2017-05-08',11957),(122,5,1,'2019-05-11',1275),(123,2,1,'2019-07-05',88725),(124,1,1,'2019-02-11',2676),(125,5,1,'2017-05-02',14695),(126,1,1,'2018-11-12',22992),(127,2,1,'2017-01-11',5877),(128,5,1,'2019-06-11',75075),(129,8,1,'2017-09-06',15444),(130,3,1,'2017-12-07',801),(131,1,1,'2019-03-11',10296),(132,2,1,'2018-07-01',8132),(133,2,1,'2018-07-11',35116),(134,7,1,'2019-09-03',55114),(135,8,1,'2017-04-05',109032),(136,5,1,'2017-07-11',5498),(137,8,1,'2019-02-02',432),(138,1,1,'2018-05-03',3882),(139,1,1,'2018-01-03',28319),(140,2,1,'2018-02-10',24339),(141,2,1,'2017-06-10',97215),(142,2,1,'2017-06-07',1596),(143,5,1,'2018-07-11',10416),(144,7,1,'2017-02-01',389433),(145,2,1,'2017-09-09',100979),(146,5,1,'2020-06-01',38448),(147,2,1,'2017-10-10',24519),(148,4,1,'2017-06-10',1419),(149,5,1,'2020-02-02',1848),(150,3,1,'2018-08-03',36096),(151,4,1,'2017-09-04',44736),(152,1,1,'2018-04-07',31354),(153,1,1,'2017-12-07',1678),(154,1,1,'2019-05-05',67035),(155,5,1,'2018-02-03',47625),(156,6,1,'2018-12-08',2376),(157,2,1,'2018-12-06',233346),(158,1,1,'2018-04-09',3405),(159,8,1,'2018-01-03',7275),(160,1,1,'2019-01-05',11645),(161,4,1,'2019-04-09',77116),(162,2,1,'2017-05-02',5655),(163,5,1,'2019-05-01',148969),(164,5,1,'2020-06-03',82694),(165,6,1,'2018-09-03',31165),(166,3,1,'2019-03-03',83812),(167,8,1,'2018-08-07',1612),(168,7,1,'2020-02-02',12096),(169,2,1,'2019-03-11',22302),(170,5,1,'2018-12-03',3528),(171,2,1,'2019-04-09',7139),(172,1,1,'2017-10-10',124752),(173,2,1,'2018-01-08',44726),(174,1,1,'2018-07-10',51177),(175,2,1,'2018-07-04',210772),(176,8,1,'2019-03-07',958),(177,6,1,'2018-02-10',1656),(178,6,1,'2017-02-09',42912),(179,7,1,'2018-07-01',256144),(180,1,1,'2017-06-10',5238),(181,6,1,'2017-07-11',121),(182,5,1,'2018-11-12',58),(183,1,1,'2018-07-07',4718),(184,2,1,'2018-11-11',59128),(185,3,1,'2019-04-09',152418),(186,2,5,'2018-11-03',22976),(187,2,5,'2018-06-04',130829),(188,2,5,'2019-10-03',6111),(189,4,5,'2017-02-01',44325),(190,4,5,'2018-05-07',21071),(191,4,5,'2018-03-07',399161),(192,5,5,'2019-06-03',473),(193,7,5,'2017-01-09',29832),(194,4,5,'2019-06-07',13412),(195,4,5,'2018-09-06',20808),(196,4,5,'2018-11-08',23678),(197,4,5,'2018-06-06',29937),(198,5,5,'2017-12-01',406),(199,4,5,'2019-06-03',8717),(200,4,5,'2018-12-06',1099),(201,5,5,'2019-04-02',4284),(202,4,5,'2019-04-02',6219),(203,2,5,'2019-04-07',113115),(204,5,5,'2018-03-03',48688),(205,5,5,'2019-01-01',9537),(206,3,5,'2019-11-01',3996),(207,5,5,'2018-11-08',31665),(208,4,5,'2017-09-12',4107),(209,3,5,'2018-11-03',51298),(210,4,5,'2018-06-04',1656),(211,4,5,'2019-02-04',166859),(212,4,5,'2019-04-11',12317),(213,4,5,'2018-04-11',656),(214,5,5,'2019-11-01',1955),(215,4,5,'2019-11-01',373),(216,5,5,'2019-05-06',821),(217,2,5,'2019-04-08',955),(218,2,5,'2017-01-09',93585),(219,2,5,'2019-02-04',8074),(220,4,5,'2019-10-03',1894),(221,2,5,'2017-05-09',73848),(222,2,5,'2018-11-08',14275),(223,5,5,'2017-09-11',6234),(224,2,5,'2019-04-02',4524),(225,4,5,'2019-05-06',1542),(226,2,5,'2018-05-07',35574),(227,5,5,'2018-09-06',4092),(228,2,5,'2017-09-12',7285),(229,5,5,'2017-01-09',2193),(230,2,5,'2017-12-01',47616),(231,5,5,'2017-05-09',39859),(232,5,5,'2017-03-05',12224),(233,6,5,'2017-09-11',8393),(234,7,5,'2019-04-02',104475),(235,7,5,'2017-02-01',8136),(236,1,5,'2019-10-03',2802),(237,7,5,'2019-02-04',47516),(238,7,5,'2018-06-06',40304),(239,4,5,'2017-03-05',4335),(240,4,5,'2018-06-01',56955),(241,7,5,'2019-06-07',27288),(242,4,5,'2018-11-03',109085),(243,8,5,'2017-03-05',2143),(244,3,5,'2018-06-04',9918),(245,1,5,'2019-05-06',5226),(246,8,5,'2019-04-08',62325),(247,3,5,'2017-09-12',37165),(248,3,5,'2017-12-01',28704),(249,8,5,'2019-02-04',12621),(250,3,5,'2019-04-02',19176),(251,1,5,'2018-06-04',9216),(252,1,5,'2019-06-07',184),(253,6,5,'2019-11-01',3666),(254,1,5,'2017-04-06',262),(255,1,5,'2017-01-05',277116),(256,1,5,'2018-05-07',77528),(257,1,5,'2019-01-01',13776),(258,7,5,'2019-04-11',208904),(259,4,5,'2017-04-06',469),(260,4,5,'2019-04-07',11416),(261,4,5,'2019-01-03',81278),(262,3,5,'2017-01-06',41469),(263,4,5,'2019-04-08',12225),(264,4,8,'2019-05-09',22725),(265,6,8,'2017-05-09',79041),(266,5,8,'2018-01-04',16005),(267,4,8,'2018-04-10',4158),(268,6,8,'2019-01-08',20394),(269,7,8,'2018-11-05',303072),(270,2,8,'2019-11-03',134112),(271,3,8,'2017-03-08',3874),(272,4,8,'2018-12-01',9417),(273,7,8,'2018-12-03',264201),(274,3,8,'2018-11-03',132191),(275,1,8,'2019-01-04',829),(276,1,8,'2018-04-07',4254),(277,1,8,'2018-11-05',11068),(278,5,8,'2018-01-02',151),(279,1,8,'2018-12-04',10128),(280,2,8,'2017-09-02',83733),(281,2,8,'2018-01-02',374),(282,4,8,'2018-12-04',4315),(283,1,8,'2017-11-05',141904),(284,4,8,'2019-05-02',39845),(285,1,8,'2019-01-08',294545),(286,4,8,'2018-01-04',39204),(287,3,8,'2017-09-06',117176),(288,1,8,'2018-09-06',601),(289,5,8,'2018-11-05',47),(290,6,8,'2019-04-10',4426),(291,6,8,'2018-09-06',41423),(292,3,8,'2017-11-05',35494),(293,4,8,'2019-03-04',69345),(294,7,8,'2017-09-09',5641),(295,4,8,'2019-11-03',3168),(296,5,8,'2017-06-03',13698),(297,4,8,'2018-10-04',10644),(298,2,8,'2017-03-08',10906),(299,1,8,'2017-04-09',8124),(300,4,8,'2018-05-04',11298),(301,5,8,'2017-06-07',270),(302,3,8,'2017-04-01',102625),(303,5,8,'2018-11-06',16652),(304,4,8,'2018-08-04',5652),(305,2,8,'2018-04-12',5476),(306,5,8,'2019-01-04',27606),(307,7,8,'2018-01-04',110418),(308,1,8,'2017-06-11',61727),(309,1,8,'2018-04-12',1675),(310,2,8,'2018-04-10',11504),(311,2,8,'2018-11-08',2139),(312,1,8,'2018-09-03',906),(313,1,8,'2018-03-12',4656),(314,8,8,'2019-05-02',66938),(315,8,8,'2018-04-08',39728),(316,1,8,'2018-10-11',94572),(317,1,8,'2018-05-04',2643),(318,1,8,'2019-03-12',11763),(319,5,8,'2019-11-03',8145),(320,3,8,'2017-01-08',6048),(321,5,8,'2018-04-02',32454),(322,8,8,'2019-06-06',8468),(323,5,8,'2018-04-12',11575),(324,2,8,'2018-04-01',221496),(325,4,8,'2017-01-08',8463),(326,2,8,'2019-01-03',47964),(327,5,8,'2018-11-03',804),(328,5,8,'2017-04-12',16625),(329,5,8,'2017-01-08',1502),(330,1,8,'2018-08-04',62988),(331,8,8,'2018-10-04',28506),(332,3,8,'2017-02-05',268),(333,2,8,'2018-03-01',1445619),(334,2,8,'2017-12-11',44928),(335,7,8,'2018-12-01',11297),(336,2,8,'2018-10-01',237744),(337,4,8,'2017-03-08',4277),(338,7,8,'2019-01-04',80696),(339,2,8,'2018-11-03',13621),(340,5,8,'2018-10-04',5076),(341,5,8,'2018-11-03',256724),(342,1,8,'2017-12-11',3699),(343,2,8,'2019-02-07',87948),(344,2,8,'2018-10-09',65052),(345,8,8,'2017-01-08',14457),(346,1,8,'2018-11-03',642),(347,2,8,'2018-12-07',28935),(348,1,8,'2018-12-07',175266),(349,6,8,'2018-11-03',30247),(350,4,8,'2017-01-09',5652),(351,5,8,'2017-06-11',4761),(352,7,8,'2017-04-12',3453),(353,6,8,'2018-04-08',1542),(354,4,8,'2018-10-09',11081),(355,5,8,'2018-01-04',66682),(356,5,8,'2018-10-06',11318),(357,3,8,'2018-02-02',143172),(358,6,8,'2017-06-08',26565),(359,4,8,'2018-03-01',42069),(360,1,8,'2018-02-01',81219),(361,4,8,'2020-05-01',46092),(362,1,8,'2018-11-03',562834),(363,4,8,'2018-09-06',477834),(364,2,8,'2018-08-04',145669),(365,3,8,'2018-12-04',12459),(366,5,8,'2018-05-04',2011),(367,6,8,'2018-06-03',10165),(368,7,8,'2018-02-01',403163),(369,7,8,'2018-10-11',10652),(370,7,8,'2017-03-08',19416),(371,4,8,'2018-11-08',2334),(372,4,8,'2018-11-03',176761),(373,4,8,'2017-04-09',18165),(374,5,8,'2019-04-10',2244),(375,7,8,'2017-07-02',97852),(376,2,8,'2017-04-01',5025),(377,4,8,'2017-05-09',37145),(378,6,8,'2017-01-08',2528),(379,2,8,'2018-05-04',3954),(380,4,8,'2017-06-07',9171),(381,5,8,'2018-03-01',73968),(382,2,8,'2018-01-04',21632),(383,2,8,'2018-04-07',2124),(384,4,8,'2017-09-09',53805),(385,2,8,'2019-03-04',96775),(386,4,8,'2019-10-03',149407),(387,4,8,'2017-06-08',4401),(388,4,8,'2017-11-05',16892),(389,5,8,'2019-04-07',2828),(390,5,8,'2018-12-07',5049),(391,4,8,'2019-02-07',32442),(392,4,8,'2017-06-03',62256),(393,1,8,'2017-05-09',24526),(394,5,8,'2017-03-08',6735),(395,3,8,'2018-01-04',3123),(396,5,8,'2019-01-05',11535),(397,6,8,'2017-01-09',118),(398,3,8,'2018-06-03',188425),(399,8,8,'2018-11-03',190474),(400,1,8,'2018-06-03',3155),(401,5,8,'2019-05-09',10511),(402,4,8,'2018-10-01',17808),(403,1,8,'2019-05-09',53291),(404,4,8,'2019-05-11',44277),(405,1,8,'2017-09-06',22885),(406,1,8,'2019-11-03',5051),(407,1,8,'2017-09-02',3513),(408,5,8,'2017-02-05',3908),(409,1,8,'2019-05-02',27374),(410,5,8,'2018-12-03',3013),(411,7,8,'2017-04-09',3216),(412,8,8,'2018-03-12',30856),(413,2,8,'2018-12-04',201),(414,1,8,'2018-04-01',1912),(415,1,8,'2018-12-01',39012),(416,5,8,'2019-01-08',1026),(417,2,8,'2020-05-01',95475),(418,6,8,'2017-11-05',10005),(419,3,8,'2020-06-01',2934),(420,5,8,'2018-09-06',37958),(421,1,8,'2018-02-02',4476),(422,7,8,'2018-08-04',1356),(423,4,8,'2018-01-04',2491),(424,2,8,'2018-11-05',6033),(425,3,8,'2017-07-02',8102),(426,4,8,'2018-12-07',502),(427,3,8,'2018-04-10',90802),(428,1,8,'2018-11-08',2618),(429,1,8,'2020-05-01',1829),(430,4,8,'2018-02-01',304781),(431,1,8,'2020-06-01',218606),(432,7,4,'2017-08-07',19958),(433,7,4,'2017-02-08',647528),(434,7,4,'2018-08-07',556985),(435,2,4,'2017-07-07',4375512),(436,2,4,'2018-01-03',1554),(437,3,4,'2018-10-03',97704),(438,3,4,'2019-05-03',67592),(439,7,4,'2019-06-04',13944),(440,7,4,'2019-04-12',189224),(441,3,4,'2018-05-06',7272),(442,3,4,'2018-10-08',7632),(443,3,4,'2018-10-03',743),(444,7,4,'2018-03-03',220644),(445,3,4,'2017-03-06',13125),(446,2,4,'2019-07-01',396743),(447,3,4,'2018-12-03',929),(448,7,4,'2019-04-03',169256),(449,7,4,'2018-11-07',1108),(450,2,4,'2017-06-03',823779),(451,3,4,'2017-12-01',57353),(452,2,4,'2017-12-01',17164),(453,2,4,'2019-03-02',14784),(454,7,4,'2017-10-07',21524),(455,2,4,'2017-03-05',63568),(456,2,4,'2019-07-05',519036),(457,7,4,'2018-12-12',155312),(458,3,4,'2017-02-08',3816),(459,7,4,'2017-08-09',40421),(460,2,4,'2018-05-06',163643),(461,2,4,'2018-11-01',7548),(462,3,4,'2018-12-03',955),(463,4,4,'2018-04-01',3108),(464,6,4,'2018-09-08',8742),(465,6,4,'2018-07-08',169),(466,4,4,'2018-12-03',2175),(467,5,4,'2018-03-08',3813),(468,6,4,'2018-08-07',44135),(469,4,4,'2017-08-09',12134),(470,4,4,'2017-03-05',69713),(471,4,4,'2018-10-03',20307),(472,4,4,'2018-08-07',301554),(473,6,4,'2017-07-08',256),(474,4,4,'2017-07-07',575029),(475,4,4,'2017-01-09',1482),(476,4,4,'2019-02-08',2478),(477,5,4,'2019-03-03',35154),(478,5,4,'2018-12-03',77096),(479,4,4,'2017-11-08',5562),(480,4,4,'2018-01-08',885),(481,4,4,'2019-05-08',3168),(482,5,4,'2017-02-08',4968),(483,4,4,'2018-07-08',30222),(484,6,4,'2017-02-08',61057),(485,4,4,'2017-02-08',6066),(486,6,4,'2017-07-07',51681),(487,5,4,'2017-08-07',28026),(488,4,4,'2017-08-07',22461),(489,4,4,'2018-11-07',12012),(490,6,4,'2017-10-07',1926),(491,1,4,'2017-08-11',2772),(492,1,4,'2019-03-02',2788),(493,8,4,'2017-01-09',48564),(494,8,4,'2019-03-02',873),(495,1,4,'2018-08-11',42824),(496,8,4,'2017-08-07',6332),(497,8,4,'2018-09-08',89276),(498,1,4,'2019-05-03',12586),(499,1,4,'2019-04-03',20223),(500,8,4,'2018-12-03',25686),(501,1,4,'2017-01-05',2552),(502,1,4,'2018-12-03',2004),(503,1,4,'2018-12-03',3285),(504,1,4,'2017-12-01',18906),(505,1,4,'2018-07-02',42498),(506,1,4,'2018-04-01',3815),(507,1,4,'2018-11-03',41965),(508,4,4,'2017-03-06',156888),(509,1,4,'2018-11-01',39396),(510,6,4,'2019-06-10',12802),(511,6,4,'2019-07-05',186),(512,8,4,'2018-10-03',10437),(513,1,4,'2017-03-05',9355),(514,1,4,'2017-01-09',5045),(515,1,4,'2017-12-08',8406),(516,1,4,'2019-02-08',17507),(517,5,4,'2018-08-07',24475),(518,5,4,'2018-05-06',16188),(519,4,4,'2019-02-02',91349),(520,5,4,'2017-07-07',180096),(521,4,4,'2017-04-03',20925),(522,5,4,'2018-07-08',131813),(523,4,4,'2017-04-12',35688),(524,4,4,'2018-12-03',54038),(525,5,4,'2018-11-03',25128),(526,4,4,'2018-01-03',15152),(527,5,4,'2017-05-01',9426),(528,5,4,'2017-11-08',37387),(529,4,4,'2018-01-10',3426),(530,4,4,'2019-03-03',49928),(531,5,4,'2019-06-04',29355),(532,4,4,'2019-03-12',85852),(533,5,4,'2020-07-03',5842),(534,4,4,'2019-04-11',3633),(535,4,4,'2018-10-03',13619),(536,5,4,'2017-03-06',2255),(537,5,4,'2019-07-05',9672),(538,2,4,'2017-08-09',1974),(539,2,4,'2017-08-11',129415),(540,2,4,'2017-11-08',19815),(541,4,4,'2019-06-04',1572),(542,4,4,'2018-11-01',10524),(543,4,4,'2018-03-03',2085),(544,5,4,'2018-04-01',928),(545,2,4,'2018-01-10',13288),(546,5,4,'2018-01-08',38),(547,5,4,'2018-07-02',2164),(548,2,4,'2018-09-08',60063),(549,2,4,'2017-06-10',1039878),(550,2,4,'2018-10-08',21768),(551,3,3,'2017-04-05',68352),(552,5,3,'2018-03-03',16914),(553,3,3,'2018-08-03',18673),(554,3,3,'2017-08-01',3654),(555,6,3,'2019-01-10',17848),(556,6,3,'2019-07-10',23016),(557,3,3,'2018-03-05',29916),(558,6,3,'2017-02-06',27216),(559,8,3,'2018-02-07',312302),(560,8,3,'2019-03-10',125415),(561,3,3,'2017-04-12',13936),(562,8,3,'2018-09-06',891),(563,5,3,'2017-08-01',13505),(564,5,3,'2018-12-02',6344),(565,5,3,'2019-06-11',1314),(566,3,3,'2017-05-09',19782),(567,8,3,'2019-05-11',84798),(568,5,3,'2018-02-02',56621),(569,8,3,'2018-11-12',176985),(570,8,3,'2018-12-07',2487),(571,3,3,'2017-08-07',5684),(572,5,3,'2018-09-11',10647),(573,3,3,'2019-05-11',115057),(574,5,3,'2018-05-02',1576),(575,3,3,'2019-07-10',344),(576,8,3,'2017-12-11',8896),(577,8,3,'2017-08-01',33597),(578,5,3,'2017-04-05',6835),(579,3,3,'2018-06-03',13671),(580,5,3,'2019-07-03',9528),(581,5,3,'2018-09-08',21505),(582,5,3,'2018-01-04',27891),(583,6,3,'2017-07-01',14096),(584,5,3,'2019-07-10',17802),(585,5,3,'2018-08-08',2598),(586,3,3,'2018-01-08',23075),(587,5,3,'2019-03-10',11452),(588,5,3,'2018-09-10',167934),(589,5,3,'2018-07-10',21252),(590,3,3,'2018-05-02',10845),(591,5,3,'2019-06-08',4116),(592,5,3,'2018-03-07',19152),(593,3,3,'2018-07-01',15604),(594,3,3,'2018-01-03',354),(595,5,3,'2018-12-07',136444),(596,5,3,'2018-02-07',6174),(597,6,3,'2018-08-03',13356),(598,6,3,'2018-01-11',3801),(599,5,3,'2018-03-11',348),(600,6,3,'2018-05-09',36008),(601,6,3,'2018-09-10',13932),(602,5,3,'2018-01-11',141181),(603,3,3,'2019-01-10',299696),(604,6,3,'2018-07-10',1158),(605,6,3,'2019-05-09',10913),(606,6,3,'2017-05-11',3265),(607,5,3,'2018-01-08',33482),(608,6,3,'2018-10-01',3351),(609,6,3,'2018-02-07',77112),(610,5,3,'2018-03-05',17502),(611,6,3,'2017-08-01',17952),(612,3,3,'2018-07-04',14548),(613,6,3,'2017-08-08',70708),(614,3,3,'2018-10-02',145464),(615,6,3,'2018-02-02',58598),(616,7,3,'2018-08-03',1192335),(617,2,3,'2018-10-01',417906),(618,2,3,'2018-11-12',1778388),(619,2,3,'2018-06-03',529376),(620,2,3,'2018-03-05',44143),(621,2,3,'2017-06-03',84216),(622,2,3,'2017-03-05',72888),(623,4,3,'2018-09-11',1134),(624,4,3,'2018-05-09',90546),(625,4,3,'2017-04-08',25386),(626,4,3,'2017-02-06',67266),(627,4,3,'2018-02-03',289923),(628,4,3,'2019-06-11',2949),(629,7,3,'2017-05-03',3756),(630,4,3,'2017-06-09',80249),(631,4,3,'2017-10-03',84765),(632,4,3,'2018-10-01',11208),(633,2,3,'2017-02-06',24076),(634,2,3,'2017-12-02',2761),(635,1,3,'2018-03-05',21036),(636,2,3,'2019-06-11',1349),(637,7,3,'2018-08-08',52136),(638,1,3,'2018-07-02',11874),(639,1,3,'2018-06-03',1995),(640,4,3,'2018-05-02',15517),(641,4,3,'2017-08-01',37386),(642,2,3,'2018-06-03',655131),(643,1,3,'2018-10-02',7204),(644,2,3,'2017-07-01',1428134),(645,1,3,'2017-07-01',139243),(646,4,3,'2018-06-03',108894),(647,2,3,'2018-01-03',1852),(648,2,3,'2018-02-03',201096),(649,2,3,'2017-10-03',93786),(650,1,3,'2018-02-02',36288),(651,1,3,'2018-12-02',193116),(652,2,3,'2017-08-02',8250),(653,2,3,'2018-07-04',2952),(654,2,3,'2018-06-07',114198),(655,4,3,'2018-07-04',1206),(656,2,3,'2018-09-06',6502),(657,4,3,'2019-07-03',9339),(658,1,3,'2017-06-09',12276),(659,7,3,'2018-06-03',15509),(660,2,3,'2019-07-03',53825),(661,1,3,'2018-06-04',19706),(662,4,3,'2018-12-07',1155),(663,4,3,'2017-07-01',509),(664,1,3,'2018-11-12',182644),(665,4,3,'2018-03-07',64578),(666,2,3,'2017-08-08',2752),(667,1,3,'2017-10-03',146265),(668,7,3,'2017-11-01',28656),(669,1,3,'2017-05-11',2334),(670,1,3,'2019-03-10',199275),(671,4,3,'2019-03-10',7095),(672,4,3,'2017-12-02',57046),(673,1,3,'2019-01-10',331584),(674,2,3,'2018-12-02',74),(675,4,3,'2018-02-02',180096),(676,1,3,'2019-05-09',14672),(677,1,3,'2018-01-04',1044),(678,2,3,'2017-06-09',168328),(679,1,3,'2018-09-08',5588),(680,4,3,'2018-03-05',97308),(681,4,3,'2018-01-11',20404),(682,1,3,'2018-06-07',993),(683,4,3,'2017-10-02',82032),(684,7,3,'2017-03-05',32541),(685,4,3,'2017-05-09',87182),(686,7,3,'2019-06-11',189045),(687,4,3,'2017-12-11',36096),(688,2,3,'2017-05-09',14301),(689,4,3,'2018-11-12',1746),(690,1,3,'2018-09-11',68296),(691,7,3,'2017-06-09',227758),(692,4,3,'2019-04-05',165738),(693,1,3,'2018-01-11',56575),(694,2,2,'2017-07-11',3897),(695,2,2,'2018-07-08',154618),(696,2,2,'2018-04-01',14484),(697,6,2,'2018-11-10',1312),(698,5,2,'2019-02-03',529),(699,4,2,'2018-11-10',2002),(700,4,2,'2017-08-01',263063),(701,6,2,'2017-08-07',848),(702,6,2,'2017-05-08',1935),(703,2,2,'2018-07-11',1306),(704,5,2,'2018-04-01',1603),(705,2,2,'2017-12-10',16336),(706,7,2,'2018-04-01',71208),(707,4,2,'2018-07-11',34654),(708,7,2,'2017-03-03',3753),(709,3,2,'2017-08-10',1404),(710,6,2,'2017-02-03',1985),(711,5,2,'2017-08-10',34344),(712,4,2,'2017-01-02',48075),(713,5,2,'2017-10-09',1456),(714,7,2,'2017-12-10',393122),(715,1,2,'2017-11-05',66),(716,7,2,'2019-02-03',18389),(717,5,2,'2017-04-08',861),(718,1,2,'2017-12-10',959),(719,4,2,'2019-02-03',7245),(720,7,2,'2017-08-01',2118),(721,4,2,'2019-03-03',13542),(722,1,2,'2019-02-03',12989),(723,5,2,'2017-05-08',4392),(724,6,2,'2017-07-11',56438),(725,1,2,'2017-03-03',18744),(726,7,2,'2017-05-08',3693),(727,6,2,'2017-08-10',6355),(728,4,2,'2017-05-08',9576),(729,2,2,'2019-03-03',54864),(730,6,2,'2017-10-09',7959),(731,4,2,'2017-07-11',168235),(732,5,2,'2017-08-07',6165),(733,4,2,'2018-07-08',47538),(734,6,2,'2018-07-11',3498),(735,1,2,'2017-08-01',2036),(736,4,7,'2017-06-07',130768),(737,5,7,'2018-10-08',1616),(738,4,7,'2018-11-08',8514),(739,4,7,'2017-05-08',7905),(740,5,7,'2019-05-07',1281),(741,4,7,'2018-08-10',2796),(742,5,7,'2018-12-10',70329),(743,4,7,'2018-12-10',2654),(744,5,7,'2017-12-10',18078),(745,4,7,'2019-02-10',93594),(746,4,7,'2018-10-08',34782),(747,4,7,'2017-01-02',1341),(748,5,7,'2018-10-07',17963),(749,4,7,'2017-05-02',8663),(750,4,7,'2017-07-11',2736),(751,4,7,'2017-12-08',72959),(752,5,7,'2018-03-08',44415),(753,5,7,'2019-02-07',4452),(754,5,7,'2018-11-07',152049),(755,5,7,'2017-12-08',17204),(756,4,7,'2017-09-11',15656),(757,4,7,'2019-04-03',9893),(758,5,7,'2017-01-09',3296),(759,4,7,'2019-07-03',16554),(760,4,7,'2018-10-07',75495),(761,1,7,'2018-10-08',416),(762,6,7,'2017-01-09',4166),(763,1,7,'2018-11-07',21832),(764,1,7,'2018-03-08',12345),(765,1,7,'2019-02-07',15981),(766,1,7,'2018-04-07',13856),(767,1,7,'2018-12-07',26775),(768,1,7,'2018-04-06',55005),(769,1,7,'2019-01-09',28512),(770,1,7,'2018-02-06',31392),(771,6,7,'2018-06-10',15906),(772,6,7,'2019-02-10',10794),(773,1,7,'2019-07-07',5236),(774,6,7,'2018-02-11',10676),(775,8,7,'2017-06-09',43356),(776,8,7,'2017-06-03',8293),(777,8,7,'2017-06-07',23958),(778,1,7,'2017-02-10',32856),(779,1,7,'2018-12-03',3858),(780,1,7,'2018-05-10',2756),(781,8,7,'2017-05-09',2415),(782,1,7,'2018-04-10',5434),(783,8,7,'2017-01-09',75024),(784,1,7,'2019-04-03',2772),(785,8,7,'2017-09-09',13464),(786,8,7,'2017-02-07',7464),(787,1,7,'2018-02-03',13689),(788,1,7,'2018-12-02',1296),(789,1,7,'2017-07-07',44275),(790,1,7,'2018-05-12',7579),(791,1,7,'2018-09-02',14448),(792,4,7,'2017-06-09',2508),(793,4,7,'2017-09-09',2054),(794,4,7,'2019-04-08',2092),(795,4,7,'2018-12-03',261858),(796,4,7,'2018-06-01',87801),(797,4,7,'2017-01-09',12135),(798,4,7,'2017-01-06',11589),(799,5,7,'2019-04-07',72432),(800,6,7,'2018-04-07',12285),(801,4,7,'2019-07-07',23145),(802,4,7,'2019-06-07',48384),(803,4,7,'2019-05-07',3753),(804,1,7,'2018-07-04',17332),(805,6,7,'2018-02-08',117),(806,6,7,'2017-02-07',10233),(807,6,7,'2018-12-10',5545),(808,1,7,'2019-07-03',1944),(809,6,7,'2018-04-10',79),(810,1,7,'2017-01-02',12304),(811,6,7,'2018-08-10',3828),(812,1,7,'2018-12-03',17226),(813,1,7,'2019-08-01',119136),(814,1,7,'2019-05-01',5091),(815,6,7,'2018-05-10',1942),(816,6,7,'2019-05-07',2889),(817,6,7,'2017-12-08',18288),(818,6,7,'2019-02-07',8673),(819,1,7,'2018-12-01',6519),(820,4,7,'2018-07-04',6715),(821,6,7,'2019-06-09',11928),(822,3,7,'2018-10-02',61215),(823,7,7,'2017-10-09',32788),(824,2,7,'2019-07-03',486),(825,2,7,'2018-10-02',41923),(826,2,7,'2017-06-11',19797),(827,2,7,'2018-06-10',6868),(828,5,7,'2019-06-12',9293),(829,2,7,'2019-04-03',329856),(830,3,7,'2018-12-03',21288),(831,2,7,'2019-06-06',2074),(832,5,7,'2018-12-01',65325),(833,3,7,'2017-07-11',419),(834,7,7,'2017-01-06',2745),(835,5,7,'2017-11-01',64346),(836,5,7,'2019-10-03',116325),(837,3,7,'2018-04-06',7329),(838,2,7,'2018-11-08',426195),(839,2,7,'2017-02-10',1053),(840,3,7,'2019-08-01',18156),(841,5,7,'2017-07-11',11595),(842,7,7,'2017-05-02',57708),(843,2,7,'2018-03-08',11652),(844,2,7,'2017-10-10',277421),(845,2,7,'2018-12-02',156576),(846,4,7,'2018-12-03',6874),(847,3,7,'2018-11-07',648),(848,5,7,'2017-09-11',145875),(849,3,7,'2018-09-02',41636),(850,7,7,'2018-05-12',313335),(851,3,7,'2018-12-07',285),(852,5,7,'2018-07-04',13245),(853,7,7,'2019-01-09',378),(854,2,7,'2017-11-01',68796),(855,7,7,'2019-08-01',47174),(856,3,7,'2018-02-03',196416),(857,2,7,'2017-01-09',6972),(858,3,7,'2018-05-10',1801),(859,3,7,'2018-12-01',7758),(860,2,7,'2019-06-09',16422),(861,4,7,'2019-06-09',459),(862,4,7,'2017-12-10',8829),(863,3,7,'2017-05-02',43544),(864,4,7,'2019-06-12',52858),(865,3,7,'2019-07-07',8264),(866,4,7,'2019-01-09',42001),(867,3,7,'2019-06-09',9108),(868,3,7,'2018-10-08',42302),(869,5,7,'2017-10-09',17552),(870,2,7,'2017-06-03',297022),(871,7,7,'2017-07-07',78675),(872,2,7,'2017-01-07',22498),(873,4,7,'2018-02-11',2305),(874,4,7,'2018-09-02',33912),(875,4,7,'2018-10-02',528),(876,5,7,'2017-02-10',867),(877,4,7,'2018-12-02',6755),(878,7,7,'2018-12-01',256329),(879,5,7,'2019-01-09',368334),(880,7,7,'2018-02-08',6309),(881,4,7,'2019-05-01',17125),(882,3,7,'2018-03-08',912),(883,7,7,'2017-01-07',18572),(884,3,7,'2019-06-12',20045),(885,3,7,'2018-06-01',7644),(886,3,7,'2018-08-10',159546),(887,7,7,'2017-06-03',360272),(888,7,7,'2017-11-01',177219),(889,2,7,'2019-04-07',6105),(890,3,7,'2017-06-03',256301),(891,4,7,'2017-10-10',62244),(892,5,7,'2018-06-01',95376),(893,4,7,'2018-06-10',2018),(894,7,7,'2019-07-03',16416),(895,7,7,'2019-05-07',24612),(896,3,7,'2019-05-07',12136),(897,2,7,'2018-05-12',188925),(898,7,6,'2018-08-02',22051),(899,6,6,'2017-11-10',4104),(900,6,6,'2019-02-09',64337),(901,3,6,'2017-11-06',5775),(902,1,6,'2017-02-06',2414),(903,1,6,'2019-04-02',45471),(904,1,6,'2018-03-09',19425),(905,3,6,'2019-03-07',15522),(906,8,6,'2019-03-02',1638),(907,1,6,'2019-03-02',5163),(908,3,6,'2018-03-03',46494),(909,1,6,'2017-11-10',206),(910,7,6,'2018-11-07',1007475),(911,7,6,'2018-10-07',34755),(912,1,6,'2018-03-03',60921),(913,1,6,'2017-04-10',2011),(914,7,6,'2018-10-01',13155),(915,8,6,'2018-03-07',8788),(916,7,6,'2018-03-03',203343),(917,1,6,'2019-03-07',10662),(918,3,6,'2019-01-06',53986),(919,7,6,'2018-09-08',9298),(920,1,6,'2018-10-07',12768),(921,1,6,'2019-01-06',3336),(922,7,6,'2018-10-02',63069),(923,1,6,'2017-11-06',130555),(924,1,6,'2018-09-08',21488),(925,7,6,'2019-03-02',3588),(926,5,6,'2020-04-01',838),(927,6,6,'2018-10-07',803),(928,2,6,'2019-04-02',87182),(929,5,6,'2019-03-07',9618),(930,2,6,'2020-04-01',31648),(931,5,6,'2018-03-06',20654),(932,4,6,'2018-03-09',55585),(933,4,6,'2018-10-01',4225),(934,4,6,'2018-02-09',55188),(935,4,6,'2017-05-08',1984),(936,5,6,'2018-10-02',23625),(937,4,6,'2018-11-07',980),(938,5,6,'2019-04-02',19665),(939,5,6,'2018-11-07',28517),(940,4,6,'2019-01-06',39523),(941,2,6,'2019-10-03',1143),(942,6,6,'2017-05-07',77),(943,2,6,'2017-05-08',1311),(944,2,6,'2020-06-01',2110955),(945,3,6,'2018-12-12',8958),(946,2,6,'2018-08-02',406824),(947,4,6,'2018-10-02',35055),(948,2,6,'2018-03-06',272366),(949,2,6,'2017-05-07',8489),(950,5,6,'2018-03-09',3424),(951,1,6,'2018-10-02',315),(952,4,6,'2018-12-12',1386),(953,3,6,'2018-10-02',209),(954,5,6,'2018-03-07',447),(955,5,9,'2019-03-04',92771),(956,7,9,'2018-04-04',45455),(957,1,9,'2018-09-03',351),(958,1,9,'2017-09-04',1776),(959,7,9,'2019-06-01',22563),(960,2,9,'2017-10-06',18182),(961,2,9,'2018-06-04',1894),(962,3,9,'2019-03-07',12565),(963,7,9,'2018-03-07',1794),(964,4,9,'2018-09-03',14144),(965,7,9,'2019-01-04',4736),(966,2,9,'2018-11-01',6165),(967,5,9,'2019-06-05',10752),(968,5,9,'2018-03-11',132692),(969,5,9,'2019-02-04',9225),(970,4,9,'2019-05-06',17731),(971,5,9,'2017-03-05',19845),(972,7,9,'2019-05-06',15156),(973,4,9,'2018-05-04',40935),(974,4,9,'2019-06-01',44005),(975,4,9,'2019-03-04',43948),(976,4,9,'2017-09-04',93668),(977,3,9,'2017-10-03',267),(978,8,9,'2019-02-04',6218),(979,5,9,'2019-03-07',116),(980,3,9,'2018-05-07',31575),(981,3,9,'2019-06-03',28095),(982,1,9,'2017-12-11',25683),(983,2,9,'2017-03-05',51188),(984,3,9,'2018-11-01',20706),(985,2,9,'2020-02-03',4364),(986,1,9,'2020-02-03',1524),(987,6,9,'2017-10-08',239),(988,7,9,'2018-11-01',13441),(989,2,9,'2017-10-08',3561),(990,5,9,'2018-06-04',4765),(991,3,9,'2017-02-08',10842),(992,3,9,'2018-12-06',57872),(993,2,9,'2019-02-04',47418),(994,3,9,'2019-05-06',365904),(995,2,9,'2017-04-07',73215),(996,2,9,'2019-01-01',45995),(997,3,9,'2017-12-11',7172),(998,6,9,'2017-04-11',15408),(999,2,9,'2018-05-04',15096),(1000,6,9,'2017-09-04',28336),(1001,8,9,'2018-06-04',54056),(1002,2,9,'2017-04-11',184234),(1003,4,9,'2018-02-07',468),(1004,3,9,'2017-04-11',1584),(1005,5,9,'2018-02-07',5016),(1006,1,9,'2018-02-07',18855),(1007,4,9,'2018-03-07',2502),(1008,4,9,'2018-05-07',176231),(1009,7,9,'2017-09-04',30452),(1010,7,9,'2018-12-06',14085),(1011,2,9,'2018-03-11',34225),(1012,6,9,'2017-02-08',4112),(1013,1,9,'2017-02-08',10689),(1014,3,9,'2018-03-07',15056),(1015,6,9,'2019-06-03',3101),(1016,4,9,'2020-02-03',204),(1017,7,9,'2017-10-06',1275);
UNLOCK TABLES;

-- Dump completed on 2023-01-05 11:47:02
